<?xml version="1.0" encoding="UTF-8"?>
<Presentation xmlns:xsi="http://www.w3.org/2001/XMLSchema-instance" xsi:noNamespaceSchemaLocation="PWS.xsd">
  <documentInfo>
    <Title>Test</Title>
    <Author>Callum Silver</Author>
    <Version>1.1</Version>
    <Comment>
    (C) Stammtisch; Version 1.1 modified by: Joseph Ingleby; Date: 09/03/16; Description: A test PWS file;
    (C) Stammtisch; First version created by: Callum Silver; Date of first version: 17/02/16; Description: A test PWS file;
    </Comment>
  </documentInfo>
  <defaults>
    <backgroundColour>134567</backgroundColour>
    <font>serif</font>
    <fontsize>12</fontsize>
    <fontColour>123456</fontColour>
    <lineColour>654321</lineColour>
    <fillColour>000000</fillColour>
  </defaults>
  <slide slideID="1" nextSlide="2" duration="10000">
  	<backgroundColour>FFFFFF</backgroundColour>
  	<image height="1.0" ystart="0.0" xstart="0.0" sourceFile="images/house.jpg" width="1.0" starttime="1" duration="1" />
  	<image height="0.3" ystart="0.7" xstart="0.8" sourceFile="images/dog.png" width="0.2" starttime="1" duration="1" />
  </slide>
  <slide slideID="2" nextSlide="3">
  	<shape width="0.1" ystart="0.1" duration="0" type="circle" starttime="0" xstart="0.1" height="0.1" fillColour="ff00ff" lineColour="00ff00">
  		<shading x2="0.1" x1="0.2" y2="0.2" y1="0.1" colour2="FFFFFF" colour1="654300"/>
  	</shape>
  	<shape width="0.1" ystart="0.3" duration="102" type="rectangle" starttime="0" xstart="0.1" height="0.1" fillColour="123456" lineColour="654300">
  	</shape>
  	<shape width="0.1" ystart="0.4" duration="101" type="roundedRectangle" starttime="0" xstart="0.1" height="0.1" fillColour="ffff00" lineColour="00ffff">
  	</shape>
  	<polygon sourceFile="shapes/Pentagon.csv" starttime="1" duration="2" fillColour="123456" lineColour="654300">
  		<shading x2="0.1" x1="0.2" y2="0.2" y1="0.1" colour2="1234ff" colour1="654ff1"/>
  	</polygon>
  	<text ystart="0.5" xstart="0.5" starttime="0" duration="0" font="SansSerif" fontcolour="FF0000" fontsize="20" width="0.3" height="0.2">This is <b>bold</b> a <i>italics</i> test for testing.</text>	
  </slide>
  <slide slideID="4" nextSlide="5">
  	<audio loop="true" sourceFile="sounds/Recording.mp3" starttime="0" duration="0" />
  </slide>
  <slide slideID="5" nextSlide="6">
  	<video ystart="0.1" loop="false" xstart="0.2" sourceFile="videos/test.mp4" starttime="50" duration="100" />
  </slide>
  <slide slideID="6" nextSlide="7">
  	<text ystart="0.2" xstart="0.2" starttime="500" duration="100" font="Verdana" fontcolour="000000" fontsize="20" sourceFile="Parsers/test.txt" width="0.4" height="0.3"></text>
  </slide>
  <slide slideID="7">
  	<interactable targetSlide="3">
  		<text ystart="0.0" xstart="0.0" starttime="0" duration="0" width="0.2" height="0.3"></text>
  	</interactable></slide>
</Presentation>
